vnum,name,plural,description,level,morale,gender_id,gender_name,gender_pronoun,gender_objective,gender_noun,terrain_id,terrain_name,sub_type_id,sub_type_name,combat_skill,armor_rating,hit_dice,regeneration,can_track,weapon_name,num_attacks,min_damage,max_damage,uses_weapon_type,weapon_type,attack_effect_id,attack_effect_name,attack_effect_min,attack_effect_max,special_attack_description,special_attack_chance_percent,special_attack_min_damage,special_attack_max_damage,special_ability_id,special_ability_name,special_ability_description,spell_skill,spell_type_id,spell_type_name,min_spell_level,max_spell_level,gold,treasure_code
16,giant scorpion,giant scorpions,"The giant scorpion resembles a common scorpion, except that it is over eight feet in length.",1,20,0,Neuter,Its,It,It,6,Desert,0,Normal,70,1,1,0,TRUE,tail,2,2,6,FALSE,,1,Poison,1,2,snapped its pincers at,55,3,9,0,None,,0,0,None,0,0,0,0
110,lizard,lizards,The lizard is small and purple and moves very quickly.,1,100,0,Neuter,Its,It,It,6,Desert,0,Normal,90,0,1,0,TRUE,tiny teeth,1,1,3,FALSE,,1,Poison,1,3,,0,0,0,0,None,,0,0,None,-1,0,0,0
0,strangle vine,strangle vines,The strangle vine is a large bulbous plant with several writhing vines sprouting from it. It moves slowly about on gnarled roots.,1,0,0,Neuter,Its,It,It,4,Forest,0,Normal,90,0,1,0,TRUE,choking vines,1,1,4,FALSE,,0,None,0,0,,0,0,0,0,None,,0,0,None,0,0,0,0
1,white orchid,white orchids,"The white orchid stands about two feet tall, moving around on its thin tendrils.",1,0,0,Neuter,Its,It,It,4,Forest,0,Normal,90,0,1,0,TRUE,tendrils,1,1,4,FALSE,,0,None,0,0,,0,0,0,0,None,,0,0,None,0,0,0,0
2,pink orchid,pink orchids,"The pink orchid stands about three feet tall, moving around on its thin tendrils.",1,0,0,Neuter,Its,It,It,4,Forest,0,Normal,90,0,1,0,TRUE,tendrils,1,2,5,FALSE,,0,None,0,0,,0,0,0,0,None,,0,0,None,0,0,0,0
6,constrictor ivy,constrictor ivies,"The constrictor ivy is a long snake-like vine, slithering about in search of food.",1,0,0,Neuter,Its,It,It,4,Forest,0,Normal,80,0,1,0,TRUE,lashing ivy,1,1,6,FALSE,,0,None,0,0,coiled around,25,2,12,0,None,,0,0,None,0,0,0,0
8,reaper shrub,reaper shrubs,"The reaper shrub is a squat thorny plant, moving slowly about on thick gnarled roots. Its spiney branches rustle ominously at your presence.",1,0,0,Neuter,Its,It,It,4,Forest,0,Normal,90,0,4,0,TRUE,a thorny branch,1,2,8,FALSE,,0,None,0,0,raked several thorny branches across,33,4,16,0,None,,0,0,None,0,0,0,0
102,white rabbit,white rabbits,The white rabbit is large and fluffy with floppy ears and big brown eyes.,1,60,0,Neuter,Its,It,It,4,Forest,0,Normal,90,0,1,0,TRUE,dull teeth,2,1,2,FALSE,,0,None,0,0,,33,0,0,1,Summon Aid,emits a shrill screech,0,0,None,-1,0,0,0
103,black rabbit,black rabbits,The black rabbit is large and fluffy with floppy ears and big brown eyes.,1,60,0,Neuter,Its,It,It,4,Forest,0,Normal,90,0,1,0,TRUE,dull teeth,2,1,2,FALSE,,0,None,0,0,,33,0,0,1,Summon Aid,emits a shrill screech,0,0,None,-1,0,0,0
107,owl,owls,The owl is perched in a nearby tree watching you intently.,1,100,0,Neuter,Its,It,It,4,Forest,0,Normal,90,0,1,0,TRUE,talons,0,1,3,FALSE,,0,None,0,0,,0,0,0,0,None,,0,0,None,0,0,0,0
108,squirrel,squirrels,The squirrel sits in a nearby tree and chitters at you.,1,100,0,Neuter,Its,It,It,4,Forest,0,Normal,90,0,1,0,TRUE,sharp teeth,0,1,3,FALSE,,0,None,0,0,,0,0,0,0,None,,0,0,None,0,0,0,0
111,fox,foxes,The fox hides in the nearby brush and seems very skittish.,1,100,0,Neuter,Its,It,It,4,Forest,0,Normal,90,0,1,0,TRUE,sharp teeth,1,2,4,FALSE,,0,None,0,0,,0,0,0,0,None,,0,0,None,0,0,0,0
3,red orchid,red orchids,"The red orchid stands over three feet tall, moving around on its thin tendrils.",1,0,0,Neuter,Its,It,It,7,Jungle,0,Normal,90,0,1,0,TRUE,tendrils,1,2,6,FALSE,,0,None,0,0,,0,0,0,0,None,,0,0,None,0,0,0,0
4,yellow orchid,yellow orchids,"The yellow orchid stands about four feet tall, moving around on its thin tendrils.",1,0,0,Neuter,Its,It,It,7,Jungle,0,Normal,90,0,2,0,TRUE,tendrils,1,2,5,FALSE,,1,Poison,1,3,,0,0,0,0,None,,0,0,None,0,0,0,0
5,black orchid,black orchids,"The black orchid stands over four feet tall, moving around on its sticky tendrils.",1,0,0,Neuter,Its,It,It,7,Jungle,0,Normal,90,0,2,0,TRUE,tendrils,2,2,6,FALSE,,1,Poison,2,5,,0,0,0,0,None,,0,0,None,0,0,0,0
7,carrion creeper,carrion creepers,"The carrion creeper is a knotted mass of thorny vines which writhes about chaotically. You detect the fetid odor of rotting flesh, and notice several small animal carcasses tangled within this vile aberration.",1,0,0,Neuter,Its,It,It,7,Jungle,0,Normal,85,0,2,0,TRUE,thorny vines,1,1,6,FALSE,,1,Poison,1,2,mauled,25,2,12,0,None,,0,0,None,0,0,0,0
106,monkey,monkeys,The monkey is quick and playful and watches you warily.,1,100,0,Neuter,Its,It,It,7,Jungle,0,Normal,90,0,1,0,TRUE,clinched fists,0,2,4,FALSE,,0,None,0,0,,0,0,0,0,None,,0,0,None,0,0,0,0
21,lesser demoness,lesser demonesses,The lesser demoness is a spindly bipedal humanoid with light yellowish skin and wicked claws and teeth. She stands about five feet tall and fixes you with a baleful stare.,1,25,2,Female,Her,Her,She,10,Special,0,Normal,80,1,1,0,TRUE,claws,1,2,8,FALSE,,0,None,0,0,,30,0,0,7,Spells,,80,4,Necrolyte,0,4,1,3
22,lesser demon,lesser demons,The lesser demon is a spindly bipedal humanoid with dark yellowish skin and wicked claws and teeth. He stands about five feet tall and fixes you with a baleful stare.,1,20,1,Male,His,Him,He,10,Special,0,Normal,85,2,1,0,TRUE,claws,1,2,8,FALSE,,0,None,0,0,,30,0,0,7,Spells,,75,4,Necrolyte,1,5,3,4
23,shade,shades,The shade is a dark shadowy figure. You can tell very little about it except that its eyes strongly resemble burning coals. It occasionally emits a low moan and watches your movements closely.,1,0,0,Neuter,Its,It,It,10,Special,0,Normal,90,6,1,0,TRUE,claws,2,3,6,FALSE,,0,None,0,0,,0,0,0,0,None,,0,0,None,0,0,0,0
17,zombie,zombies,"The zombie has a blank expression on its face. It is wearing old soiled clothing, and is armed with {0} {1}.",1,0,0,Neuter,Its,It,It,5,Swamp,0,Normal,80,1,1,0,TRUE,,1,0,0,TRUE,Small One-Handed,0,None,0,0,,0,0,0,0,None,,0,0,None,0,0,0,0
18,huge toad,huge toads,"The huge toad resembles a common toad, except that it is just over three feet tall, and seems very agressive.",1,35,0,Neuter,Its,It,It,5,Swamp,0,Normal,60,0,1,0,TRUE,gaping mouth,1,2,8,FALSE,,1,Poison,1,1,,0,0,0,0,None,,0,0,None,0,0,0,0
19,giant slug,giant slugs,The giant slug is over seven feet long and drools acidic spittle from its maw.,1,5,0,Neuter,Its,It,It,5,Swamp,0,Normal,65,0,1,0,TRUE,toothy maw,1,2,6,FALSE,,1,Poison,1,1,discharged a spray of acid at,25,4,16,0,None,,0,0,None,0,0,0,0
105,lizard,lizards,The lizard is small and brown and moves very quickly.,1,100,0,Neuter,Its,It,It,5,Swamp,0,Normal,90,0,1,0,TRUE,tiny teeth,0,1,1,FALSE,,0,None,0,0,,0,0,0,0,None,,0,0,None,0,0,0,0
109,frog,frogs,The frog is small and green and appears to be a good jumper.,1,100,0,Neuter,Its,It,It,5,Swamp,0,Normal,90,0,1,0,TRUE,tiny teeth,0,1,1,FALSE,,0,None,0,0,,0,0,0,0,None,,0,0,None,0,0,0,0
9,huge rat,huge rats,"The huge rat resembles rats you've seen before, except that it is about two feet tall at the shoulder, and seems much more aggressive.",1,50,0,Neuter,Its,It,It,0,Unknown,0,Normal,80,0,1,0,TRUE,gnashing teeth,1,1,6,FALSE,,0,None,0,0,,0,0,0,0,None,,0,0,None,0,0,0,0
10,imp,imps,The imp is a tiny humanoid with pointed ears and bright red skin. It stands just over two feet in height and is armed with {0} {1}.,1,75,0,Neuter,Its,It,It,0,Unknown,0,Normal,85,0,1,0,FALSE,,2,0,0,TRUE,Small One-Handed,0,None,0,0,,0,0,0,0,None,,0,0,None,0,0,1,3
11,female kobold,female kobolds,"The kobold is a small humanoid with doglike facial features and is covered with coarse body hair. She stands just over three feet in height, is wearing a filthy tunic, and is armed with {0} {1}.",1,50,2,Female,Her,Her,She,0,Unknown,0,Normal,65,1,1,0,TRUE,,1,0,0,TRUE,Small One-Handed,0,None,0,0,,0,0,0,0,None,,0,0,None,0,0,1,1
12,kobold,kobolds,"The kobold is a small humanoid with doglike facial features and is covered with coarse body hair. He stands just under four feet in height, is wearing a filthy tunic, and is armed with {0} {1}.",1,40,1,Male,His,Him,He,0,Unknown,0,Normal,75,1,1,0,TRUE,,1,0,0,TRUE,Small One-Handed,0,None,0,0,,0,0,0,0,None,,0,0,None,0,0,1,2
13,female orc,female orcs,"The orc is a smallish humanoid with piglike facial features and is covered sparsely by coarse body hair. She stands just over four feet in height, is wearing a leather tunic, and is armed with {0} {1}.",1,45,2,Female,Her,Her,She,0,Unknown,0,Normal,65,1,1,0,TRUE,,1,0,0,TRUE,Small One-Handed,0,None,0,0,,0,0,0,0,None,,0,0,None,0,0,1,1
14,orc,orcs,"The orc is a smallish humanoid with piglike facial features and is covered sparsely by coarse body hair. He stands just under five feet in height, is wearing a leather cuirass, and is armed with {0} {1}.",1,35,1,Male,His,Him,He,0,Unknown,0,Normal,75,2,1,0,FALSE,,1,0,0,TRUE,Small One-Handed,0,None,0,0,,0,0,0,0,None,,0,0,None,0,0,1,3
15,skeleton warrior,skeleton warriors,"The skeleton warrior is wearing tattered armor and mouldering bits of old clothing, and is armed with {0} {1}.",1,0,0,Neuter,Its,It,It,0,Unknown,0,Normal,80,2,1,0,TRUE,,1,0,0,TRUE,Medium One-Handed,0,None,0,0,,0,0,0,0,None,,0,0,None,0,0,0,0
20,giant bat,giant bats,The giant bat has a wingspan of over twelve feet and has wicked looking claws and teeth.,1,25,0,Neuter,Its,It,It,0,Unknown,0,Normal,85,1,1,0,TRUE,vicious bite,1,2,8,FALSE,,0,None,0,0,,0,0,0,0,None,,0,0,None,0,0,0,0
28,giant asp,giant asps,The giant asp is an enormous viper over twenty feet in length. Its scales are a dull tan and it's body is thicker than a large man's arm.,2,15,0,Neuter,Its,It,It,6,Desert,0,Normal,80,3,2,0,TRUE,wicked bite,1,2,8,FALSE,,1,Poison,2,6,coiled around,15,2,16,0,None,,0,0,None,0,0,0,0
112,hyena,hyenas,The hyena looks ravenous and extremely viscious. It snarls menacingly and bares its teeth at you.,2,40,0,Neuter,Its,It,It,6,Desert,0,Normal,90,2,2,0,TRUE,wicked teeth,1,4,24,FALSE,,0,None,0,0,,0,0,0,0,None,,0,0,None,0,0,0,0
121,jackal,jackal,The jackal looks extremely viscious. It snarls menacingly and bares its teeth at you.,2,40,0,Neuter,Its,It,It,6,Desert,0,Normal,90,2,2,0,TRUE,wicked teeth,1,3,18,FALSE,,0,None,0,0,,0,0,0,0,None,,0,0,None,0,0,0,0
32,black bear,black bears,The black bear has shaggy black fur run through with reddish brown streaks and stands well over four feet tall at the shoulder.,2,25,0,Neuter,Its,It,It,4,Forest,0,Normal,80,2,2,0,TRUE,claws,2,2,8,FALSE,,0,None,0,0,,0,0,0,0,None,,0,0,None,0,0,0,0
33,red bear,red bears,The red bear has shaggy reddish fur run through with black streaks and stands just over five feet tall at the shoulder.,2,15,0,Neuter,Its,It,It,4,Forest,0,Normal,80,3,3,0,TRUE,claws,2,2,10,FALSE,,0,None,0,0,,0,0,0,0,None,,0,0,None,0,0,0,0
34,female gnoll,female gnolls,"The gnoll is a tall humanoid with hyenalike facial features and is covered by thick golden brown body hair. She stands just over six feet in height, is wearing a leather cuirass and trousers, and is armed with {0} {1}.",2,25,2,Female,Her,Her,She,4,Forest,0,Normal,75,3,2,0,TRUE,,2,0,0,TRUE,Small One-Handed,0,None,0,0,,0,0,0,0,None,,0,0,None,0,0,3,4
35,gnoll,gnolls,"The gnoll is a tall humanoid with hyenalike facial features and is covered by thick reddish brown body hair. He stands just under seven feet in height, is wearing a chainmail shirt and trousers, and is armed with {0} {1}.",2,20,1,Male,His,Him,He,4,Forest,0,Normal,85,4,2,0,TRUE,,2,0,0,TRUE,Small One-Handed,0,None,0,0,,0,0,0,0,None,,0,0,None,0,0,4,6
38,female brigand,female brigands,"The brigand has the look of a common thief, and is dressed in a cheap, but flashy outfit. She is also wearing leather armor and is armed with {0} {1}.",2,80,2,Female,Her,Her,She,4,Forest,0,Normal,80,3,2,0,TRUE,,2,0,0,TRUE,Medium One-Handed,0,None,0,0,,20,0,0,2,Steal,robbed,0,0,None,0,0,2,4
39,brigand,brigands,"The brigand has the look of a common thief, and is dressed in a cheap, but flashy outfit. He is also wearing chain armor and is armed with {0} {1}.",2,70,1,Male,His,Him,He,4,Forest,0,Normal,85,4,2,0,TRUE,,2,0,0,TRUE,Medium One-Handed,0,None,0,0,,20,0,0,2,Steal,robbed,0,0,None,0,0,3,5
41,wolf,wolves,The wolf is very large and has greyish fur and icey blue eyes. It growls at you menacingly and bares its teeth.,2,40,0,Neuter,Its,It,It,4,Forest,0,Normal,90,2,2,0,TRUE,savage bite,2,4,16,FALSE,,0,None,0,0,,0,0,0,0,None,,0,0,None,0,0,0,0
42,wild boar,wild boars,The wild boar has dark coarse hair and makes a low whining sound. It has two sharp tusks which curve upwards from the sides of its mouth.,2,30,0,Neuter,Its,It,It,4,Forest,0,Normal,85,3,2,0,TRUE,tusks,1,4,12,FALSE,,0,None,0,0,,0,0,0,0,None,,0,0,None,0,0,0,0
46,female centaur,female centaurs,"The centaur has the body of a horse with the upper torso, arms, and head of a well built woman. She has long hair which she wears in a tight braid, and is armed with {0} {1}.",2,15,2,Female,Her,Her,She,4,Forest,0,Normal,80,3,2,0,TRUE,,2,0,0,TRUE,Large One-Handed,0,None,0,0,flailed her hooves at,20,2,12,0,None,,0,0,None,0,0,2,5
47,centaur,centaurs,"The centaur has the body of a horse with the upper torso, arms, and head of a well muscled man. He has long hair which he wears in a tight braid, and is armed with {0} {1}.",2,10,1,Male,His,Him,He,4,Forest,0,Normal,90,4,2,0,TRUE,,2,0,0,TRUE,Large One-Handed,0,None,0,0,flailed his hooves at,25,4,16,0,None,,0,0,None,0,0,3,6
49,female satyr,female satyrs,"The satyr has the upper torso of well built woman, and the lower torso, legs, and hooves of a goat. She is armed with {0} {1}.",2,35,2,Female,Her,Her,She,4,Forest,0,Normal,77,2,2,0,TRUE,,1,0,0,TRUE,Large One-Handed,0,None,0,0,,10,0,0,1,Summon Aid,sounds an ivory horn,0,0,None,0,0,2,4
50,satyr,satyrs,"The satyr has the upper torso of man with a lot of body hair, and the lower torso, legs, and hooves of a goat. He is armed with {0} {1}.",2,30,1,Male,His,Him,He,4,Forest,0,Normal,87,2,2,0,TRUE,,1,0,0,TRUE,Large One-Handed,0,None,0,0,,10,0,0,1,Summon Aid,sounds an ivory horn,0,0,None,0,0,3,5
29,anaconda,anacondas,"The anaconda is an enormous constrictor snake well over forty feet in length. Its scales range in color from an emerald green to a dark blue, and its body is thicker than some tree trunks you've seen.",2,20,0,Neuter,Its,It,It,7,Jungle,0,Normal,70,2,2,0,FALSE,wicked bite,1,2,8,FALSE,,0,None,0,0,coiled around,25,2,16,0,None,,0,0,None,0,0,0,0
40,leopard,leopards,The leopard has luxurious looking spotted fur. It growls menacingly and bares its teeth at you.,2,20,0,Neuter,Its,It,It,7,Jungle,0,Normal,95,2,2,0,TRUE,claws,2,3,9,FALSE,,0,None,0,0,savagely bit,35,4,12,0,None,,0,0,None,0,0,0,0
25,ram,rams,The ram glares at you from beneath a pair of huge curved horns.,2,35,0,Neuter,Its,It,It,3,Mountains,0,Normal,90,1,2,0,TRUE,curved horns,1,2,10,FALSE,,0,None,0,0,,0,0,0,0,None,,0,0,None,0,0,0,0
44,female barbarian,female barbarians,"The barbarian is dressed in the hides of furred animals, and is armed with {0} {1}. She has a look of great strength and cunning.",2,15,2,Female,Her,Her,She,3,Mountains,0,Normal,85,2,3,0,TRUE,,1,0,0,TRUE,Large One-Handed,0,None,0,0,,0,0,0,0,None,,0,0,None,0,0,2,4
45,barbarian,barbarians,"The barbarian is dressed in the hides of furred animals, and is armed with {0} {1}. He has a look of great strength and cunning.",2,10,1,Male,His,Him,He,3,Mountains,0,Normal,90,3,3,0,TRUE,,1,0,0,TRUE,Large One-Handed,0,None,0,0,,0,0,0,0,None,,0,0,None,0,0,3,5
126,orc warrior,orc warriors,"The orc warrior is a smallish humanoid with piglike facial features and is covered sparsely by coarse body hair. He stands just over five feet in height, is wearing chainmail armor, and is armed with {0} {1}.",2,25,1,Male,His,Him,He,10,Special,0,Normal,80,6,2,0,FALSE,,2,0,0,TRUE,Medium One-Handed,0,None,0,0,,0,0,0,0,None,,0,0,None,0,0,3,5
27,alligator,alligators,The alligator watches your every move closely and snaps at you.,2,15,0,Neuter,Its,It,It,5,Swamp,0,Normal,80,2,2,0,FALSE,wicked bite,1,2,12,FALSE,,0,None,0,0,lashed its tail at,35,2,8,0,None,,0,0,None,0,0,0,0
24,giant spider,giant spiders,"The giant spider's body is over six feet long, and it has thick hairy legs. A thick oily liquid drips from its mandibles.",2,20,0,Neuter,Its,It,It,1,Unknown,0,Normal,70,1,2,0,TRUE,mandibles,1,2,12,FALSE,,1,Poison,1,3,,0,0,0,0,None,,0,0,None,0,0,0,0
26,fire beetle,fire beetles,"The fire beetle is a huge reddish brown beetle, about four feet long, with a thick shiny carapace, and strong, wickedly sharp mandibles.",2,30,0,Neuter,Its,It,It,8,Unknown,0,Normal,75,3,1,0,TRUE,mandibles,2,2,12,FALSE,,0,None,0,0,,0,0,0,0,None,,0,0,None,0,0,0,0
30,lizard woman,lizard women,"The lizard woman is a five foot tall bipedal humanoid who's features resemble those of a large lizard. She has greyish scaley skin, and sharp claws and teeth. The lizard woman is armed with {0} {1}.",2,20,2,Female,Her,Her,She,0,Unknown,0,Normal,80,1,2,0,TRUE,,2,0,0,TRUE,Medium One-Handed,0,None,0,0,,0,0,0,0,None,,0,0,None,0,0,3,6
31,lizard man,lizard men,"The lizard man is a six foot tall bipedal humanoid who's features resemble those of a large lizard. He has greenish scaley skin, and sharp claws and teeth. The lizard man is armed with {0} {1}.",2,15,1,Male,His,Him,He,0,Unknown,0,Normal,85,2,2,0,TRUE,,2,0,0,TRUE,Medium One-Handed,0,None,0,0,,0,0,0,0,None,,0,0,None,0,0,4,8
36,female hobgoblin,female hobgoblins,"The hobgoblin is a squat apelike humanoid with dark skin and pointed ears. She stands just under five feet tall, is wearing a leather cuirass, and is armed with {0} {1}.",2,25,2,Female,Her,Her,She,0,Unknown,0,Normal,75,2,2,0,TRUE,,1,0,0,TRUE,Large One-Handed,0,None,0,0,,0,0,0,0,None,,0,0,None,0,0,3,6
37,hobgoblin,hobgoblins,"The hobgoblin is a squat apelike humanoid with dark skin and pointed ears. He stands just over five feet tall, is wearing a leather cuirass, and is armed with {0} {1}.",2,20,1,Male,His,Him,He,0,Unknown,0,Normal,80,3,2,0,TRUE,,1,0,0,TRUE,Large One-Handed,0,None,0,0,,0,0,0,0,None,,0,0,None,0,0,4,8
43,cave bear,cave bears,The cave bear has dark brown fur and stands well over seven feet tall at the shoulder. Its teeth and claws gleam like daggers as it sizes you up.,2,10,0,Neuter,Its,It,It,0,Unknown,0,Normal,90,3,2,0,TRUE,claws,2,2,12,FALSE,,0,None,0,0,,0,0,0,0,None,,0,0,None,0,0,0,0
51,female minotaur,female minotaurs,"The minotaur has the upper torso of a muscular woman, and the head, legs, and hooves of a bull. She is wearing ringmail armor, and is armed with {0} {1}.",2,15,2,Female,Her,Her,She,1,Unknown,0,Normal,75,2,2,0,TRUE,,1,0,0,TRUE,Large Two-Handed,0,None,0,0,charged,10,2,20,0,None,,0,0,None,0,0,2,5
53,carrion crane,carrion cranes,"The carrion crane is nearly eight feet tall, has dull grey plumage and a very wicked looking hooked ebony beak.",3,30,0,Neuter,Its,It,It,6,Desert,0,Normal,90,2,3,0,TRUE,hooked beak,1,3,18,FALSE,,0,None,0,0,,0,0,0,0,None,,0,0,None,0,0,0,0
115,female nomad,female nomads,The nomad has dark skin and the look of someone hardened by the harsh environment in which she lives. She is wearing dark linen clothing and is armed with a scimitar.,3,25,2,Female,Her,Her,She,6,Desert,0,Normal,90,2,3,0,TRUE,scimitar,1,5,15,FALSE,,0,None,0,0,,0,0,0,0,None,,0,0,None,0,0,2,4
116,nomad,nomads,The nomad has dark skin and the look of someone hardened by the harsh environment in which he lives. He is wearing dark linen clothing and is armed with a scimitar.,3,20,1,Male,His,Him,He,6,Desert,0,Normal,95,3,3,0,TRUE,scimitar,1,6,18,FALSE,,0,None,0,0,,0,0,0,0,None,,0,0,None,0,0,3,5
56,swordswoman,swordswomen,"The swordswoman has an air of confidance about her. She is wearing chain armor, and is armed with a rapier which she wields skillfully.",3,40,2,Female,Her,Her,She,4,Forest,0,Normal,90,4,3,0,TRUE,rapier,2,2,16,FALSE,,0,None,0,0,,0,0,0,0,None,,0,0,None,0,0,2,6
57,swordsman,swordsmen,"The swordsman has an air of confidance about him. He is wearing chain armor, and is armed with a rapier which he wields skillfully.",3,35,1,Male,His,Him,He,4,Forest,0,Normal,95,5,3,0,TRUE,rapier,2,4,18,FALSE,,0,None,0,0,,0,0,0,0,None,,0,0,None,0,0,3,8
104,pink bunny,pink bunnies,The pink bunny is small and fluffy with perky ears and big blue eyes.,3,95,0,Neuter,Its,It,It,4,Forest,0,Normal,90,0,2,0,TRUE,daring nibble,2,1,2,FALSE,,0,None,0,0,gnashed its big pointy teeth at,33,20,60,6,Attack All and Tumble,becomes a berzerk flurry of gnashing teeth,0,0,None,0,0,0,0
48,mountain ape,mountain apes,"The mountain ape is nearly seven feet tall, has thick reddish brown fur and looks very strong.",3,20,0,Neuter,Its,It,It,3,Mountains,0,Normal,80,3,3,0,TRUE,clenched fists,2,2,10,FALSE,,0,None,0,0,,0,0,0,0,None,,0,0,None,0,0,0,0
129,orc shaman,orc shaman,"The orc shaman is a smallish humanoid with piglike facial features and is covered sparsely by coarse body hair. She stands just under five feet in height, is wearing robes, and is armed with {0} {1}.",3,25,2,Female,Her,Her,She,10,Special,0,Normal,80,1,2,0,FALSE,,1,0,0,TRUE,Small One-Handed,0,None,0,0,,30,0,0,7,Spells,,85,4,Necrolyte,1,4,3,7
131,gnoll warrior,gnoll warriors,"The gnoll warrior is a tall humanoid with hyenalike facial features and is covered by thick reddish brown body hair. He stands just under seven feet in height, is wearing chainmail armor, and is armed with {0} {1}.",3,10,1,Male,His,Him,He,10,Special,0,Normal,85,6,3,0,TRUE,,2,0,0,TRUE,Large One-Handed,0,None,0,0,,0,0,0,0,None,,0,0,None,0,0,4,8
136,lizard warrior,lizard warriors,"The lizard warrior is a six foot tall bipedal humanoid who's features resemble those of a large lizard. He has greenish scaley skin, and sharp claws and teeth. He is armed with {0} {1}.",3,10,1,Male,His,Him,He,10,Special,0,Normal,90,3,3,0,TRUE,,2,0,0,TRUE,Large Two-Handed,0,None,0,0,,0,0,0,0,None,,0,0,None,0,0,5,10
140,lizard shaman,lizard shaman,"The lizard shaman is a five foot tall bipedal humanoid who's features resemble those of a large lizard. She has greyish scaley skin, and sharp claws and teeth. She is wearing robes and is armed with {0} {1}.",3,25,2,Female,Her,Her,She,10,Special,0,Normal,80,1,2,0,TRUE,,2,0,0,TRUE,Small One-Handed,0,None,0,0,,30,0,0,7,Spells,,75,1,Sorceror,1,3,4,8
52,minotaur,minotaurs,"The minotaur has the upper torso of a muscular man, and the head, legs, and hooves of a bull. He is wearing ringmail armor, and is armed with {0} {1}.",3,10,1,Male,His,Him,He,1,Unknown,0,Normal,80,2,2,0,TRUE,,1,0,0,TRUE,Large Two-Handed,0,None,0,0,charged,15,4,24,0,None,,0,0,None,0,0,4,6
54,ogress,ogresses,The ogress resembles an enormous and very ugly woman. She stands over seven feet tall and is very muscular. Her clothing is filthy and poorly made. She is armed with {0} {1}.,3,20,2,Female,Her,Her,She,1,Unknown,0,Normal,80,2,3,0,FALSE,,1,0,0,TRUE,Large Two-Handed,0,None,0,0,,0,0,0,0,None,,0,0,None,0,0,3,5
55,ogre,ogres,The ogre resembles an enormous and very ugly man. He stands over eight feet tall and is very muscular. His clothing is filthy and poorly made. He is armed with {0} {1}.,3,15,1,Male,His,Him,He,1,Unknown,0,Normal,85,3,3,0,FALSE,,1,0,0,TRUE,Large Two-Handed,0,None,0,0,,0,0,0,0,None,,0,0,None,0,0,4,6
58,female cyclops,female cyclopes,"The cyclops resembles a very large woman with only one eye in the center of her forehead. She stands over eleven feet tall, and is armed with a spiked club.",3,20,2,Female,Her,Her,She,1,Unknown,0,Normal,65,3,3,0,TRUE,spiked club,1,2,20,FALSE,,0,None,0,0,,25,0,0,5,Attack and Tumble,picks up and hurls,0,0,None,0,0,4,8
73,sand worm,sand worms,"The sand worm is over fifty feet long, is covered in a hard ringed carapace, it's gaping maw is filled with many rows of wickedly gleaming teeth.",4,0,0,Neuter,Its,It,It,6,Desert,0,Normal,85,5,4,0,TRUE,gaping maw,1,4,24,FALSE,,0,None,0,0,,0,0,0,0,None,,0,0,None,0,0,0,0
61,larochess,laroche,"The larochess resembles a large well built woman with pale bluish skin pointed ears, and a short tail. She is very muscular and stands nearly nine feet tall. She is wearing leather armor, and is armed with a wicked spear.",4,30,2,Female,Her,Her,She,7,Jungle,0,Normal,65,3,3,0,TRUE,wicked spear,2,4,24,FALSE,,1,Poison,1,3,exhaled a cloud of acidic vapor at,25,6,36,0,None,,0,0,None,0,0,4,15
62,larochet,larochets,"The larochet resembles a large well built man with dark bluish skin, pointed ears, and a short tail. He is very muscular and stands over nine feet tall. He is wearing a cuirass, and is armed with a wicked spear.",4,25,1,Male,His,Him,He,7,Jungle,0,Normal,75,4,3,0,TRUE,wicked spear,2,5,30,FALSE,,1,Poison,2,4,exhaled a cloud of acidic vapor at,20,8,48,0,None,,0,0,None,0,0,5,20
113,tiger,tigers,The tiger has luxurious looking striped fur. It growls menacingly and bares its teeth at you.,4,30,0,Neuter,Its,It,It,7,Jungle,0,Normal,95,2,5,0,TRUE,wicked claws,2,8,24,FALSE,,0,None,0,0,savagely bit,35,12,36,0,None,,0,0,None,0,0,0,0
67,griffon,griffons,"The griffon has the body of a lion, and the front feet, head, and wings of an eagle. It has razor sharp talons and a large black beak.",4,10,0,Neuter,Its,It,It,3,Mountains,0,Normal,85,4,4,0,TRUE,claws,2,4,12,FALSE,,0,None,0,0,viciously bit,25,6,24,0,None,,0,0,None,0,0,0,5
114,mountain lion,mountain lions,The mountain lion has dark brown spotted fur. It growls menacingly and bares its teeth at you.,4,20,0,Neuter,Its,It,It,3,Mountains,0,Normal,95,2,3,0,TRUE,claws,2,2,8,FALSE,,0,None,0,0,savagely bit,35,6,18,0,None,,0,0,None,0,0,0,0
60,wraith,wraith,"The wraith is a shadowy figure with faded, nondescript features. It is semi-transparent and greyish in color. It glares at you with dull yellowish eyes.",4,0,0,Neuter,Its,It,It,10,Special,0,Normal,90,1,4,0,TRUE,claws,2,3,18,FALSE,,6,Paralysis,2,4,,0,0,0,0,None,,0,0,None,0,0,0,0
128,orc chieftain,orc chieftains,"The orc chieftain is a smallish humanoid with piglike facial features and is covered sparsely by coarse body hair. He stands well over five feet in height, is wearing chainmail armor, and is armed with {0} {1}.",4,35,1,Male,His,Him,He,10,Special,0,Normal,90,6,4,0,FALSE,,2,0,0,TRUE,Large One-Handed,0,None,0,0,,0,0,0,0,None,,0,0,None,0,0,5,10
132,gnoll subchief,gnoll subchiefs,"The gnoll subchief is a tall humanoid with hyenalike facial features and is covered by thick reddish brown body hair. He stands just over seven feet in height, is wearing scalemail armor, and is armed with {0} {1}.",4,15,1,Male,His,Him,He,10,Special,0,Normal,90,8,4,0,TRUE,,2,0,0,TRUE,Large Two-Handed,0,None,0,0,,0,0,0,0,None,,0,0,None,0,0,5,10
135,gnoll shaman,gnoll shaman,"The gnoll shaman is a tall humanoid with hyenalike facial features and is covered by thick golden brown body hair. She stands just over six feet in height, is wearing robes, and is armed with {0} {1}.",4,25,2,Female,Her,Her,She,10,Special,0,Normal,85,1,3,0,TRUE,,1,0,0,TRUE,Small One-Handed,0,None,0,0,,30,0,0,7,Spells,,80,3,Druid,1,4,4,8
137,lizard subchief,lizard subchiefs,"The lizard subchief is a six foot tall bipedal humanoid who's features resemble those of a large lizard. He has greenish scaley skin, and sharp claws and teeth. He is armed with {0} {1}.",4,15,1,Male,His,Him,He,10,Special,0,Normal,90,3,4,0,TRUE,,2,0,0,TRUE,Large One-Handed,0,None,0,0,,0,0,0,0,None,,0,0,None,0,0,6,12
68,ghoul,ghouls,"The ghoul is a lithe, though muscular humanoid with tightly drawn brownish flesh and cloven hooves. Its teeth and nails are yellowish and look very sharp.",4,5,0,Neuter,Its,It,It,5,Swamp,0,Normal,87,4,4,0,TRUE,claws,2,2,12,FALSE,,4,Mana Drain,2,4,,20,0,0,0,None,,0,0,None,0,0,0,6
69,gargoyle,gargoyles,"The gargoyle is a heavily muscled, grey skinned humanoid with large leathery wings and wicked claws.",4,15,0,Neuter,Its,It,It,5,Swamp,0,Normal,90,5,5,0,TRUE,wicked claws,2,4,16,FALSE,,0,None,0,0,,0,0,0,0,None,,0,0,None,0,0,0,6
59,cyclops,cyclopes,"The cyclops resembles a very large man with only one eye in the center of his forehead. He stands over twelve feet tall, and is armed with a spiked club.",4,15,1,Male,His,Him,He,1,Unknown,0,Normal,70,4,3,0,TRUE,spiked club,1,4,24,FALSE,,0,None,0,0,,35,0,0,5,Attack and Tumble,picks up and hurls,0,0,None,0,0,5,10
63,cave lion,cave lions,The cave lion is a huge black animal which stands over six feet tall at the shoulder and has wicked curved claws and razor sharp teeth.,4,10,0,Neuter,Its,It,It,1,Unknown,0,Normal,90,4,4,0,TRUE,claws,2,4,20,FALSE,,0,None,0,0,,0,0,0,0,None,,0,0,None,0,0,0,0
64,female troll,female trolls,The troll resembles a large ugly woman with yellowish green skin and wicked claws. Her skin is covered with warts and tufts of stiff greenish hair.,4,25,2,Female,Her,Her,She,2,Unknown,0,Normal,75,2,3,1,TRUE,claws,2,3,12,FALSE,,0,None,0,0,,0,0,0,0,None,,0,0,None,0,0,0,3
65,troll,trolls,The troll resembles a large ugly man with brownish green skin and wicked claws. His skin is covered with warts and tufts of stiff greenish hair.,4,20,1,Male,His,Him,He,2,Unknown,0,Normal,80,2,4,1,TRUE,claws,2,4,16,FALSE,,0,None,0,0,,0,0,0,0,None,,0,0,None,0,0,0,4
66,skeleton lord,skeleton lords,"The skeleton lord wears a suit well kept chainmail armor, and is armed with {0} {1}.",4,0,0,Neuter,Its,It,It,2,Unknown,0,Normal,80,3,4,0,TRUE,,1,0,0,TRUE,Large Two-Handed,0,None,0,0,,0,0,0,0,None,,0,0,None,0,0,0,0
70,magmaman,magmamen,"The magmaman resembles a humanoid non-descript creature, seemingly formed from molten rock. He has two thick arm-like appendages, ending in dripping claws.",4,0,0,Neuter,Its,It,It,8,Unknown,0,Normal,90,5,5,0,TRUE,burning claws,2,6,50,FALSE,,0,None,0,0,,0,0,0,0,None,,0,0,None,0,0,0,0
71,ogress mage,ogress mages,"The ogress mage is wearing a steel breastplate and bracers, and is armed with {0} {1}. She is also wearing a dark red cloak.",4,25,2,Female,Her,Her,She,2,Unknown,0,Normal,80,3,4,0,FALSE,,1,0,0,TRUE,Large One-Handed,0,None,0,0,,30,0,0,7,Spells,,65,1,Sorceror,0,3,5,8
72,ogre mage,ogre mages,"The ogre mage is wearing a steel breastplate and bracers, and is armed with {0} {1}. He is also wearing a dark red cloak.",4,20,1,Male,His,Him,He,2,Unknown,0,Normal,85,4,5,0,FALSE,,1,0,0,TRUE,Large Two-Handed,0,None,0,0,,30,0,0,7,Spells,,60,1,Sorceror,1,4,6,10
74,chimera,chimeras,"The chimera has the body of a lion, leathery wings and two heads which resemble those of a dragon. Thin streams of smoke curl upwards from its nostrils.",4,15,0,Neuter,Its,It,It,2,Unknown,0,Normal,85,4,4,0,TRUE,claws,2,2,12,FALSE,,0,None,0,0,breathed flames at,35,12,48,0,None,,0,0,None,0,0,0,10
79,elysian dragon,elysian dragons,The elysian dragon has metalic sky blue scales which glisten in the light. Its powerful wings span some eighty feet and it is over fifty feet in length.,5,15,0,Neuter,Its,It,It,10,Special,0,Normal,90,5,7,0,FALSE,talons,2,5,30,FALSE,,0,None,0,0,viciously bit,25,10,50,0,None,,95,1,Sorceror,2,7,0,25
133,gnoll chieftain,gnoll chieftains,"The gnoll chieftain is a tall humanoid with hyenalike facial features and is covered by thick reddish brown body hair. He stands just over seven feet in height, is wearing scalemail armor, and is armed with {0} {1}.",5,20,1,Male,His,Him,He,10,Special,0,Normal,90,8,5,0,TRUE,,2,0,0,TRUE,Large Two-Handed,0,None,0,0,,0,0,0,0,None,,0,0,None,0,0,6,12
138,lizard chieftain,lizard chieftains,"The lizard chieftain is a six foot tall bipedal humanoid who's features resemble those of a large lizard. He has greenish scaley skin, and sharp claws and teeth. He is wearing ringmail armor and is armed with {0} {1}.",5,20,1,Male,His,Him,He,10,Special,0,Normal,90,5,5,0,TRUE,,2,0,0,TRUE,Large One-Handed,0,None,0,0,,0,0,0,0,None,,0,0,None,0,0,7,14
75,warlock,warlocks,The warlock is dressed in red robes and radiates power. He wields a staff shrouded in magical flame. Tatooed on his right forearm is a crimson sigil.,5,15,1,Male,His,Him,He,2,Unknown,0,Normal,85,4,5,0,TRUE,flaming staff,1,4,12,FALSE,,0,None,0,0,,40,0,0,7,Spells,,80,1,Sorceror,2,7,6,12
76,minotaur chieftain,minotaur chieftains,"The minotaur chieftain is a very large member of his species. He is very muscular and stands nearly eight feet tall. He is wearing scalemail armor, and is armed with {0} {1}.",5,20,1,Male,His,Him,He,2,Unknown,0,Normal,90,4,5,0,TRUE,,1,0,0,TRUE,Large Two-Handed,0,None,0,0,charged,15,8,48,0,None,,0,0,None,0,0,6,25
77,stone giantess,stone giantesses,The stone giantess resembles a huge hairless woman with light greyish skin and stands nearly eighteen feet tall. She is armed with a huge club.,5,25,2,Female,Her,Her,She,2,Unknown,0,Normal,70,5,5,0,TRUE,huge club,1,5,30,FALSE,,0,None,0,0,hurled a boulder at,10,5,50,0,None,,0,0,None,0,0,4,10
78,stone giant,stone giants,The stone giant resembles a huge hairless man with dark greyish skin and stands nearly twenty feet tall. He is armed with a huge club.,5,20,1,Male,His,Him,He,2,Unknown,0,Normal,75,6,6,0,TRUE,huge club,1,6,36,FALSE,,0,None,0,0,hurled a boulder at,15,10,60,0,None,,0,0,None,0,0,5,15
80,hydra,hydras,The hydra resembles a small wingless dragon with three heads.,6,10,0,Neuter,Its,It,It,7,Jungle,0,Normal,85,4,6,1,TRUE,gnashing teeth,3,4,24,FALSE,,0,None,0,0,expelled a ball of fire at,15,8,80,0,None,,0,0,None,0,0,0,22
85,ice giantess,ice giantesses,"The ice giantess resembles a huge woman with bone white skin, and long flowing white hair. She stands over nineteen feet tall, and is armed with a huge crystaline sword.",6,20,2,Female,Her,Her,She,10,Special,0,Normal,80,4,9,0,FALSE,huge sword,1,5,50,FALSE,,0,None,0,0,exhaled a blast of frost at,25,10,60,0,None,,0,0,None,0,0,6,15
117,female bandit,female bandits,"The bandit has the look of an accomplished rogue, and is dressed in an expensive silk tunic and pants of a rich red color. She is also wearing a chainmail jerkin and is armed with a wicked looking sabre.",6,50,2,Female,Her,Her,She,10,Special,0,Normal,90,6,2,0,TRUE,sabre,2,4,24,FALSE,,0,None,0,0,skillfully slashed,12,8,48,2,Steal,robbed,0,0,None,0,0,6,25
119,forest giantess,forest giantesses,The forest giantess resembles a huge woman with brown skin and stands nearly fifteen feet tall. Her clothing is of woven vines and leaves. She is armed with a huge spear.,6,35,2,Female,Her,Her,She,10,Special,0,Normal,80,5,7,0,TRUE,huge spear,2,5,20,FALSE,,0,None,0,0,,0,0,0,0,None,,0,0,None,0,0,4,10
120,forest giant,forest giants,The forest giant resembles a huge man with dark brown skin and stands nearly eighteen feet tall. His clothing is of woven vines and leaves. He is armed with a huge spear.,6,30,1,Male,His,Him,He,10,Special,0,Normal,85,6,8,0,TRUE,huge spear,2,6,24,FALSE,,0,None,0,0,,0,0,0,0,None,,0,0,None,0,0,5,15
130,orc warlord,orc warlords,"The orc warlord is an average sized humanoid with piglike facial features and is covered sparsely by coarse body hair. He stands just under six feet in height, is wearing gleaming chainmail armor, and is armed with {0} {1}.",6,35,1,Male,His,Him,He,10,Special,0,Normal,95,6,5,0,FALSE,,2,0,0,TRUE,Large Two-Handed,0,None,0,0,,0,0,0,0,None,,0,0,None,0,0,10,20
81,female affreet,female affreeti,The affreet resembles a huge horned woman with reddish skin and stands well over eighteen feet tall. She is armed with a greatsword that glows dull red.,6,20,2,Female,Her,Her,She,8,Unknown,0,Normal,85,4,7,0,TRUE,glowing sword,1,4,24,FALSE,,0,None,0,0,discharged a cloud of flame at,15,10,80,0,None,,0,0,None,0,0,6,10
82,affreet,affreeti,The affreet resembles a huge horned man with reddish skin and stands well over twenty feet tall. He is armed with a greatsword that glows dull red.,6,15,1,Male,His,Him,He,8,Unknown,0,Normal,90,5,8,0,FALSE,glowing sword,1,5,30,FALSE,,0,None,0,0,discharged a cloud of flame at,15,20,100,0,None,,0,0,None,0,0,8,15
83,magma worm,magma worms,"The magma worm is over seventy feet long, is covered in a hard ringed carapace that glows a dull reddish color, and it's gaping maw is filled with many rows of wicked teeth.",6,0,0,Neuter,Its,It,It,8,Unknown,0,Normal,85,5,7,1,TRUE,gaping maw,2,6,36,FALSE,,0,None,0,0,,0,0,0,0,None,,0,0,None,0,0,0,0
84,stygian dragon,stygian dragons,The stygian dragon has dull brown scales and is without wings. It is well over eighty feet in length. Its talons are as large and probably as sharp as a sword.,6,10,0,Neuter,Its,It,It,8,Unknown,0,Normal,95,5,9,0,TRUE,talons,2,8,48,FALSE,,0,None,0,0,viciously bit,45,12,72,6,Attack All and Tumble,lashed out with its tail,95,1,Sorceror,2,8,0,40
87,octopod,octopods,"The octopod is a huge dark green bulbus plant standing nearly five feet tall, and has eight rubbery greenish tentacles.",7,0,0,Neuter,Its,It,It,7,Jungle,0,Normal,90,6,9,0,TRUE,a tentacle,3,4,20,FALSE,,0,None,0,0,lashed several tentacles at,15,12,60,0,None,,0,0,None,0,0,0,0
86,ice giant,ice giants,"The ice giant resembles a huge man with bone white skin, white hair, and a long white beard. He stands over twenty feet tall, and is armed with a huge crystaline sword.",7,15,1,Male,His,Him,He,10,Special,0,Normal,85,5,10,0,FALSE,huge sword,1,10,60,FALSE,,0,None,0,0,exhaled a blast of frost at,25,20,80,0,None,,0,0,None,0,0,8,22
88,skeleton giant,skeleton giants,"The skeleton giant stands nearly twenty feet tall, is armed with a bone hammer, and is wearing an enormous suit of tattered chainmail.",7,0,0,Neuter,Its,It,It,10,Special,0,Normal,85,4,10,0,TRUE,bone hammer,1,10,80,FALSE,,0,None,0,0,,0,0,0,0,None,,0,0,None,0,0,0,0
89,greater demoness,greater demonesses,The greater demoness emanates power and malevolence. She has bright blue skin and stands over eight feet tall. She wields a flaming greatsword and wears an armband engraved with runes.,7,15,2,Female,Her,Her,She,10,Special,0,Normal,85,5,10,1,TRUE,flaming sword,2,5,30,FALSE,,0,None,0,0,,25,0,0,7,Spells,,85,4,Necrolyte,3,7,6,25
118,bandit,bandits,"The bandit has the look of an accomplished rogue, and is dressed in an expensive silk tunic and pants of a deep blue color. He is also wearing a chainmail jerkin and is armed with a wicked looking sabre.",7,40,1,Male,His,Him,He,10,Special,0,Normal,95,8,2,0,TRUE,sabre,2,6,36,FALSE,,0,None,0,0,skillfully slashed,15,12,72,2,Steal,robbed,0,0,None,0,0,10,40
134,gnoll warlord,gnoll warlord,"The gnoll warlord is a tall humanoid with hyenalike facial features and is covered by thick reddish brown body hair. He stands well over seven feet in height, is wearing gleaming bandmail armor, and is armed with {0} {1}.",7,20,1,Male,His,Him,He,10,Special,0,Normal,95,10,7,0,TRUE,,2,0,0,TRUE,Large Two-Handed,0,None,0,0,,0,0,0,0,None,,0,0,None,0,0,12,24
139,lizard warlord,lizard warlords,"The lizard warlord is a six foot tall bipedal humanoid who's features resemble those of a large lizard. He has greenish scaley skin, and sharp claws and teeth. He is wearing scalemail armor and is armed with {0} {1}.",7,20,1,Male,His,Him,He,10,Special,0,Normal,95,8,7,0,TRUE,,2,0,0,TRUE,Large Two-Handed,0,None,0,0,,0,0,0,0,None,,0,0,None,0,0,14,28
90,greater demon,greater demons,The greater demon emanates power and malevolence. He has dull blue skin and stands over nine feet tall. He wields a flaming greatsword and wears an armband engraved with runes.,8,10,1,Male,His,Him,He,10,Special,0,Normal,90,6,12,1,TRUE,flaming sword,2,6,36,FALSE,,0,None,0,0,,25,0,0,7,Spells,,80,4,Necrolyte,3,7,10,40
91,sorceress,sorceresses,The sorceress is dressed in indigo robes and radiates power. She wields a rod tipped with magical frost. Inscribed on her forehead is a blue rune.,8,20,2,Female,Her,Her,She,10,Special,0,Normal,85,3,10,1,TRUE,frost rod,2,5,20,FALSE,,0,None,0,0,,40,0,0,7,Spells,,85,1,Sorceror,3,8,10,32
92,sorceror,sorcerors,The sorceror is dressed in indigo robes and radiates power. He wields a rod shrouded with magical flame. Inscribed on his forehead is a violet rune.,9,15,1,Male,His,Him,He,10,Special,0,Normal,90,4,12,1,TRUE,flaming staff,2,6,30,FALSE,,0,None,0,0,,30,0,0,7,Spells,,90,1,Sorceror,3,9,15,58
93,apollyon dragon,apollyon dragons,"The apollyon dragon has crimson scales and powerful leathery wings. It is without a doubt one of the most enormous creatures you have ever seen, being well over one hundred feet in length. Its talons and teeth are jet black, and smoke curls upwards from its nostrils.",10,10,0,Neuter,Its,It,It,9,Unknown,0,Normal,97,8,15,0,FALSE,talons,2,10,50,FALSE,,0,None,0,0,breathed flames at,25,50,200,6,Attack All and Tumble,lashed out with its tail,95,1,Sorceror,2,9,0,100
94,flame giantess,flame giantesses,"The flame giantess resembles a huge woman with ruddy skin and bright red hair. She stands over twenty five feet tall, is armed with a great axe made of a dull black metal, and wears dragonscale armor. She reguards you malignly with her smouldering red eyes, and smiles cruely.",11,15,2,Female,Her,Her,She,9,Unknown,0,Normal,90,9,18,0,TRUE,great axe,1,10,60,FALSE,,0,None,0,0,exhaled a blast of flame at,15,80,360,0,None,,0,0,None,0,0,6,22
95,flame giant,flame giants,"The flame giant resembles a huge man with ruddy skin, bright red hair, and a coarse red beard. He stands nearly thirty feet tall, is armed with a great axe made of a dull black metal, and wears dragonscale armor. He regards you malevolently with his smouldering red eyes, and grins wickedly.",12,10,1,Male,His,Him,He,9,Unknown,0,Normal,95,12,20,0,TRUE,great axe,1,20,80,FALSE,,0,None,0,0,exhaled a blast of flame at,15,100,400,0,None,,0,0,None,0,0,10,32
96,flame giant warlord,flame giant warlords,"The flame giant resembles a huge man with ruddy skin, bright red hair, and a coarse red beard. He stands nearly thirty feet tall, is armed with a great spear made of a dark black metal that glows with a dull reddish light at the head. He wears armor of fine workmanship made from overlapping scales of a dark metallic blue. You sense great wisdom in his stern gaze.",15,20,1,Male,His,Him,He,10,Special,0,Normal,95,14,25,0,TRUE,great spear,2,32,96,FALSE,,5,Vitality Drain,10,60,exhaled a blast of flame at,25,120,240,3,Heal,quaffed a potion,0,0,None,0,0,15,63
97,balneal dragon,balneal dragons,"The balneal dragon has silvery blue scales and a powerfully built serpentine body. It is over one hundred fifty feet in length. Its talons and teeth are of a clear bluish crystaline substance, and steam rises from its nostrils.",15,10,0,Neuter,Its,It,It,10,Special,0,Normal,97,16,30,0,TRUE,talons,2,30,120,FALSE,,0,None,0,0,viciously bit,35,60,240,0,None,,95,1,Sorceror,2,9,0,0
98,arch demoness,arch demonesses,The arch demoness emanates awesome power and malevolence. She has bright red skin and stands over twelve feet tall. She wields a glowing bardiche and wears an armband engraved with runes.,17,15,2,Female,Her,Her,She,10,Special,0,Normal,90,15,35,1,FALSE,huge bardiche,2,20,100,FALSE,,0,None,0,0,,35,0,0,7,Spells,,90,4,Necrolyte,3,8,10,40
99,arch demon,arch demons,The arch demon emanates awesome power and malevolence. He has dull blue skin and stands over fifteen feet tall. He wields a glowing bardiche and wears an armband engraved with runes.,18,10,1,Male,His,Him,He,10,Special,0,Normal,95,16,40,1,FALSE,huge bardiche,2,40,160,FALSE,,0,None,0,0,,35,0,0,7,Spells,,85,4,Necrolyte,3,8,15,90
100,demon king,demon kings,The demon king emanates incredible power and horrific malevolence. He has dull black skin and stands over thirty feet tall. He wields a huge glowing sabre nearly fifteen feet long and wears a dull grey crown engraved with runes.,20,20,1,Male,His,Him,He,10,Special,0,Normal,99,20,60,1,TRUE,glowing sabre,2,60,240,FALSE,,0,None,0,0,discharged a blast of dark energy at,65,0,0,7,Spells,,90,4,Necrolyte,3,14,25,200
148,dwarven warhound,dwarven warhounds,"The dwarven warhound is a huge beast, nearly four feet at the shoulder. It resembles  a wolf with glossy black fur. Its eyes and teeth are crimson. Its hackles raise and it snarls menacingly as you look its way.",20,0,0,Neuter,Its,It,It,10,Special,0,Normal,90,6,20,0,TRUE,vicious bite,1,10,30,FALSE,,0,None,0,0,,0,0,0,0,None,,0,0,None,-1,0,0,0
151,smith,smiths,"This dwarven smith is heavily muscled, his leather apron smeared with sweat and soot. He is very alert and has an expression of great calm and peace of mind. His eyes harden as he notices your intense stare, and he hefts the weight of his great hammer.",20,20,1,Male,His,Him,He,10,Special,0,Normal,90,2,40,0,TRUE,great hammer,0,20,50,FALSE,,0,None,0,0,,0,0,0,0,None,,0,0,None,-1,0,10,10
141,stone warrior,stone warrior,The stone warrior is skillfully crafted and resembles a heavily muscled warrior in full plate armor and stands nearly twenty feet high. It is armed with a huge stone axe.,25,0,0,Neuter,Its,It,It,10,Special,0,Normal,90,20,60,0,TRUE,stone axe,2,100,200,FALSE,,6,Paralysis,2,4,kicks,35,200,400,4,Unknown,swings its axe in a wide arc,0,0,None,-1,0,0,0
142,stone scorpion,stone scorpions,"The stone scorpion is skillfully crafted and resembles a common scorpion, except that it is nearly twenty feet in length and it's carapace has the color and texture of stone.",25,0,0,Neuter,Its,It,It,10,Special,0,Normal,85,25,75,0,TRUE,tail,2,125,250,FALSE,,1,Poison,25,50,snaps its pincers at,65,250,500,3,Heal,is suddenly surrounded by a pale blue light,0,1,Sorceror,0,1,0,0
143,stone wizard,stone wizard,The stone wizard is skillfully crafted and resembles a gaunt sorceror in flowing robes covered with runes and sigils. It is armed with a stone sceptre topped with a glowing crystal and stands nearly twenty feet high.,25,0,0,Neuter,Its,It,It,10,Special,0,Normal,80,15,50,0,TRUE,stone sceptre,2,50,100,FALSE,,4,Mana Drain,25,50,discharged its sceptre at,65,250,500,7,Spells,,90,1,Sorceror,6,10,0,0
144,dwarven guard,dwarven guards,The guard is of obvious dwarven blood. He looks very tough and battle hardened. He wears scale mail armor of a design you're unfamiliar with and wields a battleax.,25,20,1,Male,His,Him,He,10,Special,0,Normal,90,0,50,0,TRUE,battleax,5,19,34,FALSE,,0,None,0,0,,0,0,0,0,None,,0,0,None,-1,0,5,5
147,dwarven sorceror,dwarven sorcerors,"The dwarven sorceror has an obvious callousness about his expression, and appears no one to be trifled with. He radiates confidence and power. He wears robes of a deep reddish brown, similar to the hue of the stone in the walls of his home. He carries a black sceptre topped with some sort of softly glowing crystal.",25,30,1,Male,His,Him,He,10,Special,0,Normal,80,2,40,0,TRUE,black sceptre,5,11,16,FALSE,,4,Mana Drain,1,6,,60,0,0,7,Spells,,90,1,Sorceror,6,8,10,10
154,hellhound,hellhounds,"The hellhound is a large wolf-type creature that dwells in the firey depths of the volcano.  It glares at you with devilish red eyes, mentally feeding you to its young.  It moves with a certain strut that airs its pride and seems to taunt you with its vicious grin.",28,35,1,Male,His,Him,He,11,Town,0,Normal,90,14,40,0,TRUE,claws,4,30,45,FALSE,,0,None,0,0,,0,0,0,0,None,,0,0,None,0,0,4,10
101,great dragon,great dragons,"The great dragon has greyish scales and powerful leathery wings. It is without a doubt the most enormous creature you have ever seen, being well over two hundred feet in length. Its talons and teeth are yellowish white, and smoke curls upward from its nostrils as it regards you with amusement.",30,35,0,Neuter,Its,It,It,10,Special,0,Normal,99,30,120,1,TRUE,huge talons,0,120,360,FALSE,,0,None,0,0,cruely bit,65,320,960,7,Spells,breathed flames in a great arc,95,1,Sorceror,6,10,0,200
122,ice elemental,ice elementals,The ice elemental is a titanic humanoid formed of ice.,30,0,0,Neuter,Its,It,It,10,Special,0,Normal,99,0,100,5,FALSE,a spear of ice,2,150,300,FALSE,,0,None,0,0,discharged a shower of ice shards at,35,300,600,6,Attack All and Tumble,unleashed a storm of elemental ice,0,1,Sorceror,0,1,0,0
145,elite dwarven guard,elite dwarven guards,"This guard closely resembles his lesser brethren, however his equipment is of a finer quality and he appears more agressive and well disciplined. He wears brushed steel scale mail armor and wields a huge battleax engraved with runes along the edge of the blade.",30,10,1,Male,His,Him,He,10,Special,0,Normal,95,8,60,0,FALSE,battleax,5,27,42,FALSE,,0,None,0,0,,0,0,0,0,None,,0,0,None,-1,0,25,25
156,elven scout,elven scouts,The elven scout peers at you through its forest green eyes.  The stripes painted on his face warn you that he has come across and slain many an unexpecting traveller.  Your doom awaits.,30,30,1,Male,His,Him,He,12,Unknown,0,Normal,95,10,30,0,FALSE,shortsword,3,50,65,FALSE,,0,None,0,0,,0,0,0,0,None,,0,0,None,0,0,55,75
157,female elf,female elves,"Despite being female, this elf resembles a modern-day war machine. She moves blindingly fast, striking at any possible moment.  Though a good fight is her forte, she is also amazingly beautiful, as female elves always seem to be.",32,20,2,Female,Her,Her,She,12,Unknown,0,Normal,95,12,35,0,TRUE,shortsword,4,55,75,FALSE,,0,None,0,0,,0,0,0,0,None,,0,0,None,0,0,55,75
158,elven warrior,elven warriors,"This elven warrior is built like a tree, and oddly enough blends in with the trees as well, a warrior of a stealthy sort.  He wields an axe that must have been crafted by the dwarves and enchanted by the high elves.  He is certainly a force to be reckoned with.",33,25,1,Male,His,Him,He,12,Unknown,0,Normal,95,20,35,0,FALSE,enchanted axe,2,90,125,FALSE,,0,None,0,0,,0,0,0,0,None,,0,0,None,0,0,75,75
155,magma slug,magma slugs,The magma slug is a gigantic slug that is covered in magma.  Its maw rumbles with fury as it looks to burn you alive with its own magma.,35,25,1,Male,His,Him,He,11,Town,0,Normal,70,18,50,0,TRUE,maw,1,80,115,FALSE,,0,None,0,0,unloaded a wad of magma,65,150,200,0,None,,0,0,None,0,0,45,115
159,elven champion,elven champions,"This elven champion is built like a mountain.  There seems to be no escape from this warrior of warriors, a man's man -- only an elf. He wields a great sword that shines like the moons on a good night. Only the most powerful elves can craft such a beast.",37,25,1,Male,His,Him,He,12,Unknown,0,Normal,95,25,45,0,FALSE,shining sword,2,100,155,FALSE,,0,None,0,0,,0,0,0,0,None,,0,0,None,0,0,85,75
123,flame elemental,flame elementals,The flame elemental is a titanic humanoid formed of flame.,40,0,0,Neuter,Its,It,It,10,Special,0,Normal,99,0,150,5,TRUE,a bolt of flame,2,200,400,FALSE,,0,None,0,0,discharged a cloud of flames at,35,400,800,6,Attack All and Tumble,unleashed a storm of elemental flame,0,0,None,0,0,0,0
146,dwarven captain,dwarven captains,"This grim warrior appears to have seen more than his share of battle, and seems utterly fearless. His dwarven mail is of fine quality and each scale has finely engraved runic designs. He wields a battleax with a haft easily four feet long and a blade blacker than night.",40,5,1,Male,His,Him,He,10,Special,0,Normal,97,12,80,0,TRUE,battleax,5,38,53,FALSE,,0,None,0,0,,0,0,0,0,None,,0,0,None,-1,0,50,50
152,master smith,master smiths,"This older dwarf is gnarled and bulging with muscle. His leathers smeared with grime and sweat. He seems very calm and at one with his surrounds. The great hammer he cradles in his arms is forged of a dull bluish metal, and almost seems to glow dimly.",40,10,1,Male,His,Him,He,10,Special,0,Normal,95,4,80,0,TRUE,great hammer,0,40,100,FALSE,,0,None,0,0,,0,0,0,0,None,,0,0,None,-1,0,25,25
160,elven warlord,elven warlords,This elven warlord is about to knock some sense into you with his warhammer.  His evil eyes seem to hypnotize you into giving in to your imminent death.,44,15,1,Male,His,Him,He,12,Unknown,0,Normal,99,30,55,0,FALSE,warhammer,2,110,185,FALSE,,0,None,0,0,gutted,40,175,290,0,None,,0,0,None,0,0,115,235
149,dwarven leutenant,dwarven leutenants,This dwarven officer wears scale armor of the finest quality and brandishes a huge battleaxe of fine make with an extraordinarily keen edge. He seems very dignified and confidant.,45,10,1,Male,His,Him,He,10,Special,0,Normal,95,15,90,0,TRUE,battleax,5,41,66,FALSE,,0,None,0,0,,0,0,0,0,None,,0,0,None,-1,0,100,100
124,stone elemental,stone elementals,The stone elemental is a titanic humanoid formed of stone.,50,0,0,Neuter,Its,It,It,10,Special,0,Normal,99,50,200,5,TRUE,huge stone fist,2,250,500,FALSE,,0,None,0,0,stepped on,35,500,1000,6,Attack All and Tumble,unleashed an earthquake,0,0,None,0,0,0,0
127,orc subchief,orc subchiefs,"The orc subchief is a smallish humanoid with piglike facial features and is covered sparsely by coarse body hair. He stands over five feet in height, is wearing chainmail armor, and is armed with {0} {1}.",50,30,1,Male,His,Him,He,10,Special,0,Normal,85,6,3,0,FALSE,,2,0,0,TRUE,Large One-Handed,0,None,0,0,,0,0,0,0,None,,0,0,None,0,0,4,8
150,dwarven warlord,dwarven warlords,This ruthless dwarven battle chief is dressed in heavy scale armor made of a dull bluish metal that seems to absorb light. The weapon in his hands is an enormous battleax with a haft of dark grey wood and a head forged of the same strange metal as his armor. Dimly glowing runes adorn the head of his axe along the edges of the blades.,50,5,1,Male,His,Him,He,10,Special,0,Normal,97,20,100,0,TRUE,battleax,5,43,83,FALSE,,0,None,0,0,,0,0,0,0,None,,0,0,None,-1,0,150,150
153,dwarven archmage,dwarven archmagi,"The dwarven archmage has an obvious callousness about his expression, and appears no one to be trifled with. He radiates incredible power. He wears robes of a deep purple hue. He carries a black sceptre topped with some sort of brightly glowing crystal.",50,10,1,Male,His,Him,He,10,Special,0,Normal,90,1,60,0,TRUE,black sceptre,5,21,26,FALSE,,4,Mana Drain,2,12,discharges his sceptre at,60,0,0,7,Spells,,95,1,Sorceror,6,10,100,100
125,mystic knight,mystic knights,The mystic knight has the look of a well seasoned warrior who has seen many a battle in his time. His gear and clothing are the finest available. He is wearing glowing dragonscale armor and wielding a jeweled claymore. Somehow you are aware that he could easily defeat you.,60,0,1,Male,His,Him,He,10,Special,1,Avenger,99,50,250,5,TRUE,jeweled claymore,6,100,600,FALSE,,0,None,0,0,,0,0,0,0,None,,0,0,None,0,0,0,0